Workbook

Sheet โปรตีน
A1: Check | B1: Item | C1: Min Qty | D1: Max Qty | E1: Unit | F1: Notes | G1: Picked Qty | H1: Unit Price (THB) | I1: Est. Cost (THB)
B2: หมูคอ/สันคอ | C2: 2.5 | D2: 3 | E2: กก. | I2: =IFERROR(G2*H2, "") -> 0
B3: ไก่สะโพก/ปีก (นิวออร์ลีน) | C3: 2.5 | D3: 3 | E3: กก. | F3: แนะนำแบบหมัก; ผงหมักนิวออร์ลีน 1 ซองใหญ่ | I3: =IFERROR(G3*H3, "") -> 0
B4: กุ้ง (เบอร์ 31/40) | C4: 2 | D4: 2 | E4: กก. | I4: =IFERROR(G4*H4, "") -> 0
B5: ปลาหมึก | C5: 1.5 | D5: 1.5 | E5: กก. | I5: =IFERROR(G5*H5, "") -> 0
B6: เนื้อวัว (สันนอก/ใบพาย) | C6: 1.5 | D6: 2 | E6: กก. | I6: =IFERROR(G6*H6, "") -> 0
B7: หอยหวาน | C7: 1 | D7: 1.5 | E7: กก. | I7: =IFERROR(G7*H7, "") -> 0
B8: ปลานิลเผาเกลือ | C8: 4 | D8: 5 | E8: ตัว | F8: 800–1,000 กรัม/ตัว | I8: =IFERROR(G8*H8, "") -> 0
B9: ไส้กรอก/นักเก็ต (ออปชัน) | C9: 2 | D9: 3 | E9: กก. | F9: ย่างง่ายสำหรับกินเล่น | I9: =IFERROR(G9*H9, "") -> 0

Sheet ผัก-กับแกล้ม
A1: Check | B1: Item | C1: Min Qty | D1: Max Qty | E1: Unit | F1: Notes | G1: Picked Qty | H1: Unit Price (THB) | I1: Est. Cost (THB)
B2: เห็ดรวม (ออรินจิ/แชมปิญอง/เข็มทอง) | C2: 1.5 | D2: 2 | E2: กก. | I2: =IFERROR(G2*H2, "") -> 0
B3: ข้าวโพดอ่อน | C3: 1 | D3: 1 | E3: กก. | I3: =IFERROR(G3*H3, "") -> 0
B4: ผักย่างรวม (พริกหวาน/ซูกินี/หอมหัวใหญ่) | C4: 2 | D4: 3 | E4: กก. | I4: =IFERROR(G4*H4, "") -> 0
B5: ผักชี (ทำน้ำจิ้มซีฟู้ด) | C5: 3 | D5: 3 | E5: กำ | I5: =IFERROR(G5*H5, "") -> 0
B6: รากผักชี (ทำน้ำจิ้มซีฟู้ด) | C6: 10 | D6: 10 | E6: ราก | I6: =IFERROR(G6*H6, "") -> 0
B7: กระเทียมจีน (ทำน้ำจิ้มซีฟู้ด) | C7: 2 | D7: 2 | E7: หัวใหญ่ | I7: =IFERROR(G7*H7, "") -> 0
B8: พริกขี้หนูสวน (ทำน้ำจิ้มซีฟู้ด) | C8: 200 | D8: 200 | E8: กรัม | I8: =IFERROR(G8*H8, "") -> 0
B9: มะนาว (จิ้ม/เครื่องดื่ม) | C9: 20 | D9: 25 | E9: ลูก | I9: =IFERROR(G9*H9, "") -> 0
B10: ผักกาดหอม (แกล้มปลา) | C10: 3 | D10: 3 | E10: หัว | I10: =IFERROR(G10*H10, "") -> 0
B11: กะหล่ำปลี (แกล้มปลา) | C11: 2 | D11: 2 | E11: หัว | I11: =IFERROR(G11*H11, "") -> 0
B12: แตงกวา (แกล้มปลา) | C12: 2 | D12: 2 | E12: กก. | I12: =IFERROR(G12*H12, "") -> 0
B13: ผักชีฝรั่ง | C13: 1 | D13: 1 | E13: กำ | I13: =IFERROR(G13*H13, "") -> 0
... B15: สะระแหน่ | C15: 2 | D15: 2 | E15: กำ | I15: =IFERROR(G15*H15, "") -> 0
B16: ตะไคร้ (ออปชัน) | C16: 10 | D16: 10 | E16: ต้น | F16: ยัดท้องปลา/แต่งกลิ่น | I16: =IFERROR(G16*H16, "") -> 0
B17: ใบมะกรูด (ออปชัน) | C17: 20 | D17: 20 | E17: ใบ | F17: แต่งกลิ่นปลา | I17: =IFERROR(G17*H17, "") -> 0

Sheet เครื่องปรุง-ซอส
A1: Check | B1: Item | C1: Min Qty | D1: Max Qty | E1: Unit | F1: Notes | G1: Picked Qty | H1: Unit Price (THB) | I1: Est. Cost (THB)
B2: เกลือเม็ด (เผาปลา) | C2: 1 | D2: 1 | E2: ถุง | I2: =IFERROR(G2*H2, "") -> 0
B3: ซีอิ๊วขาว | C3: 1 | D3: 1 | E3: ขวดใหญ่ | I3: =IFERROR(G3*H3, "") -> 0
B4: ซอสหอยนางรม | C4: 1 | D4: 1 | E4: ขวดใหญ่ | I4: =IFERROR(G4*H4, "") -> 0
B5: ซีอิ๊วดำหวาน | C5: 1 | D5: 1 | E5: ขวด | I5: =IFERROR(G5*H5, "") -> 0
B6: พริกไทยป่น | C6: 1 | D6: 1 | E6: ขวด | I6: =IFERROR(G6*H6, "") -> 0
B7: น้ำมันพืช | C7: 1 | D7: 1 | E7: ขวด | I7: =IFERROR(G7*H7, "") -> 0
B8: ซอสบาร์บีคิว | C8: 1 | D8: 1 | E8: ขวดใหญ่ | I8: =IFERROR(G8*H8, "") -> 0
B9: เนยจืด | C9: 500 | D9: 500 | E9: กรัม | I9: =IFERROR(G9*H9, "") -> 0
B10: น้ำตาลปี๊บ | C10: 1 | D10: 1 | E10: ถุงเล็ก | I10: =IFERROR(G10*H10, "") -> 0
B11: น้ำตาลทราย | C11: 1 | D11: 1 | E11: ถุงเล็ก | I11: =IFERROR(G11*H11, "") -> 0
B12: น้ำปลา | C12: 1 | D12: 1 | E12: ขวดใหญ่ | I12: =IFERROR(G12*H12, "") -> 0
B13: น้ำส้มสายชู | C13: 1 | D13: 1 | E13: ขวด | I13: =IFERROR(G13*H13, "") -> 0
B14: น้ำจิ้มซีฟู้ด (ขวด) | C14: 2 | D14: 2 | E14: ขวดใหญ่ | F14: หรือทำเองจากวัตถุดิบผัก-กับแกล้ม | I14: =IFERROR(G14*H14, "") -> 0
B15: น้ำจิ้มถั่วลิสง (ซาเตะ/ถั่วตัด) | C15: 2 | D15: 2 | E15: ขวดใหญ่ | F15: หรือทำเอง: ถั่วบด500g+กะทิ1L+พริกแกงเผ็ด100g+น้ำมะขาม250ml | I15: =IFERROR(G15*H15, "") -> 0
B16: พริกป่น (ออปชัน) | C16: 1 | D16: 1 | E16: ซอง/ขวด | I16: =IFERROR(G16*H16, "") -> 0
B17: ข้าวคั่ว (ออปชัน) | C17: 1 | D17: 1 | E17: ซอง | I17: =IFERROR(G17*H17, "") -> 0
B18: มะนาวเพิ่ม (ออปชัน) | C18: 10 | D18: 10 | E18: ลูก | F18: สำรองเผื่อค็อกเทล/น้ำจิ้ม | I18: =IFERROR(G18*H18, "") -> 0

Sheet ของกินเล่น-ของหวาน
A1: Check | B1: Item | C1: Min Qty | D1: Max Qty | E1: Unit | F1: Notes | G1: Picked Qty | H1: Unit Price (THB) | I1: Est. Cost (THB)
B2: ขนมขบเคี้ยวรวม | C2: 3 | D2: 4 | E2: แพ็กใหญ่ | I2: =IFERROR(G2*H2, "") -> 0
B3: ผลไม้รวม (แตงโม/สับปะรด/ฝรั่ง) (ออปชัน) | C3: 5 | D3: 7 | E3: กก. | I3: =IFERROR(G3*H3, "") -> 0
B4: ไอศกรีม/เยลลี่ (ออปชัน) | C4: 1 | D4: 2 | E4: ลัง | I4: =IFERROR(G4*H4, "") -> 0

Sheet เครื่องดื่ม-น้ำแข็ง
A1: Check | B1: Item | C1: Min Qty | D1: Max Qty | E1: Unit | F1: Notes | G1: Picked Qty | H1: Unit Price (THB) | I1: Est. Cost (THB)
B2: น้ำดื่ม 1.5 ลิตร | C2: 24 | D2: 36 | E2: ขวด | I2: =IFERROR(G2*H2, "") -> 0
B3: โซดา | C3: 24 | D3: 24 | E3: ขวด | I3: =IFERROR(G3*H3, "") -> 0
B4: น้ำอัดลม 1.5 ลิตร | C4: 6 | D4: 6 | E4: ขวด | I4: =IFERROR(G4*H4, "") -> 0
B5: น้ำแข็งก้อน | C5: 20 | D5: 20 | E5: กก. | I5: =IFERROR(G5*H5, "") -> 0
B6: น้ำแข็งบด | C6: 10 | D6: 10 | E6: กก. | I6: =IFERROR(G6*H6, "") -> 0
B7: Hoegaarden 330 มล. | C7: 24 | D7: 24 | E7: ขวด | I7: =IFERROR(G7*H7, "") -> 0
B8: เบียร์อื่น ๆ | C8: 24 | D8: 36 | E8: ขวด/กระป๋อง | I8: =IFERROR(G8*H8, "") -> 0
B9: เหล้า (วิสกี้/รัม/เตกีลา) | C9: 1 | D9: 2 | E9: ขวด | I9: =IFERROR(G9*H9, "") -> 0
B10: มิกซ์เซอร์รวม (โซดา/โค้ก/โทนิค) | C10: 24 | D10: 24 | E10: ขวด | I10: =IFERROR(G10*H10, "") -> 0
B11: เกลือ (ทำช็อต) | C11: 1 | D11: 1 | E11: ขวด/ซอง | I11: =IFERROR(G11*H11, "") -> 0
B12: มะนาว (สำหรับช็อต/ค็อกเทล) | C12: 10 | D12: 10 | E12: ลูก | I12: =IFERROR(G12*H12, "") -> 0

Sheet ของใช้-จำเป็น
A1: Check | B1: Item | C1: Min Qty | D1: Max Qty | E1: Unit | F1: Notes | G1: Picked Qty | H1: Unit Price (THB) | I1: Est. Cost (THB)
B2: ฟอยล์หนา | C2: 1 | D2: 1 | E2: ม้วน | I2: =IFERROR(G2*H2, "") -> 0
B3: ถาด/ฟอยล์สำหรับเผาปลา | C3: 2 | D3: 3 | E3: แผ่น | I3: =IFERROR(G3*H3, "") -> 0
B4: ถุงขยะดำ | C4: 24 | D4: 36 | E4: ใบ | I4: =IFERROR(G4*H4, "") -> 0
B5: ทิชชู่ม้วน | C5: 6 | D5: 6 | E5: ม้วน | I5: =IFERROR(G5*H5, "") -> 0
B6: ทิชชู่เปียก | C6: 2 | D6: 3 | E6: แพ็ก | I6: =IFERROR(G6*H6, "") -> 0

Sheet ของใช้-แนะนำ
A1: Check | B1: Item | C1: Min Qty | D1: Max Qty | E1: Unit | F1: Notes | G1: Picked Qty | H1: Unit Price (THB) | I1: Est. Cost (THB)
B2: ถ่าน | C2: 1 | D2: 2 | E2: ถุง | F2: กรณีใช้เตาถ่าน | I2: =IFERROR(G2*H2, "") -> 0
B3: เชื้อไฟ | C3: 1 | D3: 1 | E3: กลัก/กระป๋อง | I3: =IFERROR(G3*H3, "") -> 0
B4: ไฟแช็ก | C4: 2 | D4: 2 | E4: อัน | I4: =IFERROR(G4*H4, "") -> 0
B5: แก๊สกระป๋อง (เตาพกพา) | C5: 2 | D5: 4 | E5: กระป๋อง | I5: =IFERROR(G5*H5, "") -> 0
B6: คีมคีบ | C6: 2 | D6: 3 | E6: อัน | I6: =IFERROR(G6*H6, "") -> 0
B7: ตะแกรงย่างสำรอง | C7: 1 | D7: 2 | E7: ชิ้น | I7: =IFERROR(G7*H7, "") -> 0
B8: มีด+เขียง | C8: 2 | D8: 2 | E8: ชุด | I8: =IFERROR(G8*H8, "") -> 0
B9: ถ้วย/ชาม/จาน (ให้พอทุกคน) | C9: 15 | D9: 15 | E9: ชุด | I9: =IFERROR(G9*H9, "") -> 0
B10: ไม้เสียบ | C10: 1 | D10: 2 | E10: ห่อ | I10: =IFERROR(G10*H10, "") -> 0
B11: กล่อง/ถุงซิปล็อก หลายขนาด | E11: ชิ้น/ถุง | I11: =IFERROR(G11*H11, "") -> 0
B12: ฟิล์มแรป | C12: 1 | D12: 1 | E12: ม้วน | I12: =IFERROR(G12*H12, "") -> 0
B13: น้ำยาล้างจาน | C13: 1 | D13: 1 | E13: ขวด | I13: =IFERROR(G13*H13, "") -> 0
B14: ฟองน้ำ | C14: 2 | D14: 3 | E14: ก้อน | I14: =IFERROR(G14*H14, "") -> 0
B15: ถุงมือยาง | C15: 1 | D15: 1 | E15: กล่อง | I15: =IFERROR(G15*H15, "") -> 0
B16: กะละมัง/ถาดสแตนเลสใหญ่ | C16: 2 | D16: 3 | E16: ใบ | I16: =IFERROR(G16*H16, "") -> 0
B17: คูลเลอร์/กระติกน้ำแข็ง | C17: 1 | D17: 2 | E17: ใบ | I17: =IFERROR(G17*H17, "") -> 0
B18: พลาสติกรองโต๊ะ (ออปชัน) | C18: 1 | D18: 1 | E18: ม้วน | I18: =IFERROR(G18*H18, "") -> 0

Sheet Summary
A1: Category | B1: Items | C1: Estimated Cost (THB) | E1: คำแนะนำ: ใส่ค่า Picked Qty และ Unit Price ในแต่ละชีต ระบบจะคำนวณ Est. Cost และสรุปในหน้านี้
A2: โปรตีน | B2: 8 | C2: =SUM('โปรตีน'!I2:I9) -> 0
A3: ผัก-กับแกล้ม | B3: 16 | C3: =SUM('ผัก-กับแกล้ม'!I2:I17) -> 0
A4: เครื่องปรุง-ซอส | B4: 17 | C4: =SUM('เครื่องปรุง-ซอส'!I2:I18) -> 0
A5: ของกินเล่น-ของหวาน | B5: 3 | C5: =SUM('ของกินเล่น-ของหวาน'!I2:I4) -> 0
A6: เครื่องดื่ม-น้ำแข็ง | B6: 11 | C6: =SUM('เครื่องดื่ม-น้ำแข็ง'!I2:I12) -> 0
A7: ของใช้-จำเป็น | B7: 5 | C7: =SUM('ของใช้-จำเป็น'!I2:I6) -> 0
A8: ของใช้-แนะนำ | B8: 17 | C8: =SUM('ของใช้-แนะนำ'!I2:I18) -> 0
A9: TOTAL | C9: =SUM(C2:C8) -> 0
